date,owl,hemisphere,channel,azi,ele,azi_competitor,ele_competitor,region,stimulus_resp,base_resp,base_std,maxresp_latency,firstspk_latency,psth_driver,psth_competitor
2023-12-11,256,left,4,0,40,90,40,OT,36.38,19.96,14.242134671459894,1.03,1.024,[0.01  0.    0.045 ... 0.035 0.03  0.035],[0.025 0.025 0.04  ... 0.03  0.01  0.025]
2023-12-11,256,left,5,0,40,90,40,OT,29.765,16.71,9.846110907358296,1.03,1.024,[0.01  0.015 0.04  ... 0.01  0.005 0.005],[0.005 0.015 0.03  ... 0.005 0.03  0.025]
2023-12-11,256,left,8,0,40,90,40,OT,31.96,18.71,10.465939996006092,1.03,1.024,[0.02  0.03  0.03  ... 0.02  0.015 0.01 ],[0.025 0.02  0.025 ... 0.02  0.05  0.03 ]
2023-12-11,256,left,9,0,40,90,40,OT,48.3,25.14,17.533408111374126,1.03,1.024,[0.015 0.025 0.045 ... 0.04  0.03  0.02 ],[0.045 0.02  0.05  ... 0.03  0.02  0.02 ]
2023-12-11,256,left,10,0,40,90,40,OT,45.38,23.73,17.198462140551985,1.027,1.023,[0.025 0.025 0.03  ... 0.03  0.03  0.025],[0.025 0.015 0.03  ... 0.025 0.01  0.02 ]
2023-12-11,256,left,12,0,40,90,40,OT,62.91,25.445,24.129172696136933,1.026,1.022,[0.035 0.025 0.06  ... 0.035 0.025 0.04 ],[0.015 0.035 0.015 ... 0.04  0.02  0.045]
2023-12-11,256,left,13,0,40,90,40,OT,36.0,16.13,10.573698501470524,1.031,1.021,[0.005 0.05  0.02  ... 0.03  0.02  0.015],[0.02  0.01  0.02  ... 0.03  0.005 0.02 ]
2023-12-11,256,left,15,0,40,90,40,OT,70.53,28.65,25.538549293176384,1.028,1.021,[0.035 0.035 0.055 ... 0.02  0.04  0.035],[0.04  0.05  0.03  ... 0.025 0.025 0.02 ]
2023-12-11,256,left,16,0,40,90,40,OT,80.52,37.22,24.535720898314768,1.029,1.024,[0.035 0.05  0.055 ... 0.05  0.045 0.05 ],[0.07  0.03  0.07  ... 0.025 0.035 0.05 ]
2023-12-15,256,left,1,0,30,80,30,OT,28.53,20.11,14.947170300762616,1.026,1.019,[0.01  0.01  0.015 ... 0.02  0.01  0.03 ],[0.02  0.025 0.02  ... 0.02  0.    0.01 ]
2023-12-15,256,left,2,0,30,80,30,OT,17.86,13.7,8.803408430829505,1.026,1.022,[0.    0.    0.    ... 0.015 0.005 0.005],[0.02  0.005 0.005 ... 0.005 0.015 0.005]
2023-12-15,256,left,3,0,30,80,30,OT,27.445,23.71,6.248671858883294,1.026,1.023,[0.03  0.02  0.03  ... 0.03  0.03  0.015],[0.015 0.02  0.01  ... 0.03  0.02  0.03 ]
2023-12-15,256,left,4,0,30,80,30,OT,26.535,22.09,16.367098093431224,1.026,1.021,[0.025 0.025 0.025 ... 0.04  0.025 0.03 ],[0.025 0.02  0.035 ... 0.015 0.03  0.025]
2023-12-15,256,left,5,0,30,80,30,OT,34.665,25.135,20.293269204344572,1.026,1.021,[0.02  0.02  0.02  ... 0.025 0.015 0.03 ],[0.02 0.04 0.04 ... 0.01 0.01 0.03]
2023-12-15,256,left,8,0,30,80,30,OT,34.65,25.105,20.290243345016837,1.026,1.019,[0.02  0.02  0.03  ... 0.035 0.015 0.03 ],[0.03  0.035 0.025 ... 0.015 0.005 0.02 ]
2023-12-15,256,left,9,0,30,80,30,OT,27.41,16.66,16.0684286723998,1.026,1.019,[0.025 0.035 0.02  ... 0.03  0.035 0.03 ],[0.005 0.    0.02  ... 0.01  0.005 0.01 ]
2023-12-15,256,left,10,0,30,80,30,OT,25.98,15.805,15.045164505581186,1.026,1.019,[0.02  0.01  0.01  ... 0.025 0.025 0.04 ],[0.015 0.    0.015 ... 0.01  0.005 0.   ]
2023-12-15,256,left,11,0,30,80,30,OT,23.285,16.585,13.5835479533147,1.026,1.021,[0.005 0.005 0.015 ... 0.01  0.005 0.02 ],[0.015 0.02  0.02  ... 0.02  0.    0.01 ]
2023-12-15,256,left,12,0,30,80,30,OT,18.18,10.58,3.670640271124372,1.018,1.007,[0.02  0.025 0.005 ... 0.01  0.    0.01 ],[0.015 0.    0.01  ... 0.025 0.01  0.005]
2023-12-15,256,left,13,0,30,80,30,OT,22.045,13.565,4.035563777218743,1.016,1.006,[0.005 0.02  0.005 ... 0.015 0.015 0.01 ],[0.01  0.005 0.005 ... 0.01  0.015 0.035]
2023-12-15,256,left,15,0,30,80,30,OT,15.475,7.26,4.469049115863463,1.028,1.015,[0.    0.02  0.005 ... 0.005 0.    0.005],[0.01  0.005 0.005 ... 0.005 0.01  0.   ]
2023-12-15,256,left,16,0,30,80,30,OT,16.87,8.19,5.8209878886663216,1.026,1.016,[0.005 0.005 0.02  ... 0.015 0.005 0.02 ],[0.005 0.005 0.015 ... 0.015 0.005 0.005]
2023-12-21,256,left,1,0,20,100,20,OT,130.535,18.58,10.8781248384085,1.025,1.007,[0.01  0.045 0.015 ... 0.01  0.005 0.02 ],[0.03 0.02 0.01 ... 0.02 0.03 0.01]
2023-12-21,256,left,2,0,20,100,20,OT,17.44,12.93,9.80638057593116,1.024,1.019,[0.02  0.005 0.01  ... 0.01  0.005 0.015],[0.01  0.015 0.02  ... 0.02  0.01  0.01 ]
2023-12-21,256,left,3,0,20,100,20,OT,27.88,23.565,19.08993910414593,1.022,1.017,[0.015 0.035 0.02  ... 0.035 0.035 0.025],[0.025 0.03  0.03  ... 0.035 0.035 0.03 ]
2023-12-21,256,left,4,0,20,100,20,OT,20.5,13.765,5.397200663306859,1.016,1.014,[0.025 0.01  0.02  ... 0.015 0.01  0.   ],[0.015 0.01  0.01  ... 0.03  0.035 0.025]
2023-12-21,256,left,5,0,20,100,20,OT,37.505,18.7,18.718440105949,1.024,1.013,[0.015 0.025 0.02  ... 0.015 0.02  0.   ],[0.03  0.015 0.02  ... 0.005 0.035 0.025]
2023-12-21,256,left,6,0,20,100,20,OT,23.01,20.68,16.56313979896324,1.022,1.017,[0.02  0.025 0.    ... 0.025 0.005 0.015],[0.03  0.035 0.035 ... 0.02  0.015 0.02 ]
2023-12-21,256,left,7,0,20,100,20,OT,28.44,21.165,18.996520076056036,1.028,1.016,[0.015 0.015 0.015 ... 0.01  0.015 0.03 ],[0.025 0.025 0.03  ... 0.03  0.015 0.01 ]
2023-12-21,256,left,8,0,20,100,20,OT,37.795,19.4,19.655787951644168,1.024,1.011,[0.025 0.025 0.02  ... 0.015 0.025 0.005],[0.02  0.015 0.02  ... 0.01  0.03  0.02 ]
2023-12-21,256,left,9,0,20,100,20,OT,24.86,8.78,7.1987221088190365,1.016,1.007,[0.005 0.005 0.005 ... 0.02  0.015 0.025],[0.    0.005 0.015 ... 0.01  0.02  0.   ]
2023-12-21,256,left,10,0,20,100,20,OT,11.395,3.41,5.203066403573955,1.016,1.009,[0.005 0.005 0.005 ... 0.005 0.    0.   ],[0.005 0.005 0.005 ... 0.005 0.005 0.   ]
2023-12-21,256,left,11,0,20,100,20,OT,150.57,36.005,17.28452993286193,1.025,1.009,[0.02  0.065 0.03  ... 0.015 0.03  0.035],[0.04  0.025 0.025 ... 0.03  0.05  0.02 ]
2023-12-21,256,left,12,0,20,100,20,OT,46.23,13.81,4.864555478150085,1.009,1.006,[0.015 0.015 0.01  ... 0.015 0.005 0.005],[0.01  0.005 0.01  ... 0.01  0.005 0.02 ]
2023-12-21,256,left,13,0,20,100,20,OT,68.815,10.51,4.401124856215738,1.009,1.005,[0.015 0.01  0.01  ... 0.015 0.005 0.01 ],[0.015 0.02  0.01  ... 0.035 0.035 0.02 ]
2023-12-21,256,left,14,0,20,100,20,OT,13.095,11.435,7.650867597861042,1.023,1.019,[0.005 0.01  0.01  ... 0.01  0.015 0.005],[0.025 0.02  0.01  ... 0.01  0.015 0.025]
2023-12-21,256,left,15,0,20,100,20,OT,26.845,11.055,4.465643850555035,1.015,1.005,[0.01  0.01  0.005 ... 0.    0.01  0.01 ],[0.005 0.01  0.005 ... 0.01  0.01  0.01 ]
2023-12-21,256,left,16,0,20,100,20,OT,37.965,12.945,7.468063671394347,1.016,1.006,[0.02  0.025 0.02  ... 0.005 0.02  0.01 ],[0.01  0.02  0.01  ... 0.015 0.04  0.01 ]
2023-12-24,40,right,1,-80,10,0,10,OT,78.055,21.735,27.161825693424955,1.027,1.024,[0.02  0.03  0.03  ... 0.015 0.03  0.025],[0.03  0.035 0.045 ... 0.025 0.035 0.01 ]
2023-12-24,40,right,2,-80,10,0,10,OT,23.26,5.835,8.14111632394477,1.026,1.025,[0.02  0.005 0.015 ... 0.01  0.01  0.01 ],[0.01  0.015 0.005 ... 0.005 0.    0.01 ]
2023-12-24,40,right,3,-80,10,0,10,OT,23.135,5.48,8.036143353624299,1.028,1.024,[0.025 0.    0.01  ... 0.015 0.005 0.015],[0.015 0.02  0.005 ... 0.005 0.    0.   ]
2023-12-24,40,right,4,-80,10,0,10,OT,45.295,14.815,19.149954960782544,1.029,1.023,[0.02  0.02  0.015 ... 0.025 0.01  0.01 ],[0.    0.025 0.02  ... 0.025 0.01  0.005]
2023-12-24,40,right,5,-80,10,0,10,OT,36.555,10.775,14.11220659570997,1.03,1.024,[0.01  0.015 0.015 ... 0.02  0.02  0.02 ],[0.01  0.01  0.005 ... 0.015 0.005 0.   ]
2023-12-24,40,right,6,-80,10,0,10,OT,23.97,7.38,7.921843219857358,1.028,1.024,[0.025 0.    0.015 ... 0.005 0.    0.01 ],[0.01  0.02  0.015 ... 0.005 0.005 0.   ]
2023-12-24,40,right,7,-80,10,0,10,OT,33.92,9.535,10.861803487450876,1.028,1.024,[0.02  0.02  0.02  ... 0.015 0.025 0.01 ],[0.015 0.025 0.005 ... 0.005 0.01  0.01 ]
2023-12-24,40,right,8,-80,10,0,10,OT,35.25,10.175,12.16447183399263,1.026,1.023,[0.01  0.025 0.02  ... 0.015 0.01  0.005],[0.015 0.025 0.01  ... 0.005 0.01  0.   ]
2023-12-24,40,right,9,-80,10,0,10,OT,52.76,18.62,22.14442593520997,1.028,1.023,[0.02  0.025 0.025 ... 0.015 0.03  0.025],[0.005 0.025 0.015 ... 0.025 0.04  0.015]
2023-12-24,40,right,10,-80,10,0,10,OT,83.72,32.84,36.80875439348634,1.026,1.016,[0.025 0.02  0.03  ... 0.025 0.035 0.025],[0.055 0.035 0.035 ... 0.025 0.06  0.04 ]
2023-12-24,40,right,12,-80,10,0,10,OT,41.605,19.565,17.67358975986486,1.028,1.016,[0.02  0.02  0.015 ... 0.02  0.025 0.02 ],[0.02  0.03  0.01  ... 0.025 0.025 0.01 ]
2023-12-24,40,right,13,-80,10,0,10,OT,65.25,29.84,33.41652884427106,1.023,1.015,[0.035 0.03  0.035 ... 0.02  0.03  0.03 ],[0.04  0.025 0.055 ... 0.06  0.045 0.03 ]
2023-12-24,40,right,14,-80,10,0,10,OT,25.935,11.21,7.639757849565653,1.03,1.024,[0.025 0.015 0.02  ... 0.01  0.02  0.025],[0.015 0.02  0.02  ... 0.005 0.015 0.005]
2023-12-24,40,right,15,-80,10,0,10,OT,82.135,37.35,41.12295587624995,1.026,1.016,[0.045 0.03  0.03  ... 0.045 0.03  0.055],[0.03  0.05  0.025 ... 0.05  0.05  0.06 ]
2023-12-24,40,right,16,-80,10,0,10,OT,21.455,7.935,10.195134869142242,1.025,1.02,[0.015 0.005 0.005 ... 0.005 0.    0.005],[0.    0.01  0.005 ... 0.005 0.015 0.005]
2023-12-24,40,right,17,-80,10,0,10,Forebrain,38.585,14.28,8.428617917547337,1.007,1.005,[0.025 0.02  0.01  ... 0.02  0.02  0.015],[0.01  0.025 0.01  ... 0.015 0.    0.015]
2023-12-24,40,right,18,-80,10,0,10,Forebrain,49.805,11.23,4.765196743052694,1.015,1.006,[0.005 0.005 0.    ... 0.015 0.01  0.02 ],[0.02  0.015 0.015 ... 0.02  0.015 0.   ]
2023-12-24,40,right,19,-80,10,0,10,Forebrain,30.895,6.325,3.499910713146837,1.015,1.008,[0.005 0.005 0.    ... 0.    0.01  0.   ],[0.005 0.005 0.01  ... 0.    0.005 0.02 ]
2023-12-24,40,right,20,-80,10,0,10,Forebrain,85.215,3.79,3.841340911712992,1.008,1.005,[0.005 0.    0.005 ... 0.005 0.005 0.   ],[0.    0.    0.005 ... 0.    0.005 0.005]
2023-12-24,40,right,21,-80,10,0,10,Forebrain,70.66,13.155,6.116451176948934,1.015,1.005,[0.    0.02  0.01  ... 0.01  0.015 0.005],[0.025 0.02  0.    ... 0.015 0.01  0.005]
2023-12-24,40,right,22,-80,10,0,10,Forebrain,30.79,10.26,3.883606571217018,1.012,1.007,[0.005 0.01  0.02  ... 0.01  0.015 0.01 ],[0.01  0.01  0.    ... 0.025 0.015 0.015]
2023-12-24,40,right,23,-80,10,0,10,Forebrain,29.63,8.77,3.623134002490109,1.012,1.004,[0.015 0.015 0.005 ... 0.01  0.015 0.01 ],[0.01  0.015 0.005 ... 0.    0.01  0.005]
2023-12-24,40,right,24,-80,10,0,10,Forebrain,34.69,23.735,12.762240203036455,1.008,1.003,[0.025 0.015 0.03  ... 0.035 0.04  0.04 ],[0.01  0.03  0.02  ... 0.02  0.015 0.015]
2023-12-24,40,right,25,-80,10,0,10,Forebrain,174.99,6.27,5.363496993566791,1.014,1.004,[0.005 0.005 0.01  ... 0.01  0.005 0.   ],[0.    0.    0.    ... 0.01  0.    0.015]
2023-12-24,40,right,26,-80,10,0,10,Forebrain,210.175,11.135,6.717646537292656,1.015,1.004,[0.02  0.01  0.02  ... 0.015 0.015 0.01 ],[0.    0.01  0.005 ... 0.005 0.005 0.005]
2023-12-24,40,right,27,-80,10,0,10,Forebrain,28.085,8.42,3.680163039866576,1.021,1.012,[0.    0.    0.005 ... 0.01  0.    0.01 ],[0.005 0.01  0.02  ... 0.    0.01  0.015]
2023-12-24,40,right,28,-80,10,0,10,Forebrain,228.5,8.89,6.862790977437678,1.013,1.004,[0.015 0.02  0.03  ... 0.005 0.015 0.005],[0.005 0.005 0.01  ... 0.    0.005 0.005]
2023-12-24,40,right,29,-80,10,0,10,Forebrain,175.905,1.89,4.09241982206127,1.013,1.004,[0.    0.    0.005 ... 0.    0.    0.   ],[0.    0.    0.005 ... 0.    0.    0.   ]
2023-12-24,40,right,30,-80,10,0,10,Forebrain,31.565,9.715,3.9425594478713952,1.015,1.007,[0.01  0.015 0.005 ... 0.005 0.    0.015],[0.01  0.01  0.005 ... 0.015 0.    0.005]
2023-12-24,40,right,31,-80,10,0,10,Forebrain,192.82,3.43,4.657799909828674,1.013,1.004,[0.005 0.005 0.025 ... 0.    0.    0.005],[0.    0.    0.005 ... 0.    0.    0.015]
2023-12-24,40,right,32,-80,10,0,10,Forebrain,84.205,1.775,2.5698978578924105,1.013,1.005,[0.    0.    0.005 ... 0.    0.    0.   ],[0.    0.    0.    ... 0.    0.005 0.   ]
2023-12-26,40,right,1,-100,0,0,0,OT,39.665,15.29,8.461436048331276,1.028,1.026,[0.015 0.01  0.015 ... 0.    0.01  0.005],[0.015 0.025 0.005 ... 0.01  0.02  0.01 ]
2023-12-26,40,right,2,-100,0,0,0,OT,43.09,16.305,10.370244693352229,1.028,1.024,[0.01  0.015 0.005 ... 0.025 0.005 0.015],[0.025 0.015 0.015 ... 0.01  0.005 0.005]
2023-12-26,40,right,3,-100,0,0,0,OT,34.07,14.645,8.328803935740114,1.028,1.026,[0.01  0.005 0.02  ... 0.    0.025 0.015],[0.01  0.    0.01  ... 0.015 0.025 0.   ]
2023-12-26,40,right,4,-100,0,0,0,OT,39.345,15.895,10.25689889781507,1.032,1.026,[0.015 0.015 0.03  ... 0.02  0.015 0.02 ],[0.02  0.035 0.02  ... 0.035 0.035 0.015]
2023-12-26,40,right,5,-100,0,0,0,OT,41.08,15.93,10.29102035757388,1.028,1.024,[0.015 0.015 0.015 ... 0.    0.03  0.01 ],[0.025 0.02  0.005 ... 0.01  0.015 0.005]
2023-12-26,40,right,6,-100,0,0,0,OT,31.465,14.045,7.851940842874455,1.028,1.025,[0.01  0.    0.025 ... 0.015 0.025 0.02 ],[0.005 0.    0.01  ... 0.005 0.01  0.02 ]
2023-12-26,40,right,7,-100,0,0,0,OT,58.515,22.18,14.398874956051252,1.028,1.024,[0.015 0.03  0.005 ... 0.015 0.02  0.03 ],[0.02  0.01  0.02  ... 0.015 0.02  0.03 ]
2023-12-26,40,right,8,-100,0,0,0,OT,50.59,18.175,12.109681044519713,1.029,1.024,[0.015 0.005 0.02  ... 0.005 0.005 0.02 ],[0.01  0.015 0.01  ... 0.02  0.01  0.02 ]
2023-12-26,40,right,9,-100,0,0,0,OT,28.995,11.18,8.819160957823597,1.028,1.027,[0.005 0.    0.005 ... 0.01  0.01  0.005],[0.01  0.015 0.005 ... 0.01  0.01  0.025]
2023-12-26,40,right,10,-100,0,0,0,OT,43.525,17.14,15.8313107480082,1.031,1.02,[0.015 0.005 0.015 ... 0.005 0.    0.03 ],[0.015 0.02  0.015 ... 0.025 0.02  0.02 ]
2023-12-26,40,right,11,-100,0,0,0,OT,14.83,8.405,3.4016135876962865,1.029,1.025,[0.01  0.015 0.01  ... 0.015 0.01  0.01 ],[0.005 0.015 0.025 ... 0.02  0.01  0.005]
2023-12-26,40,right,13,-100,0,0,0,OT,39.35,23.045,18.7870427422732,1.022,1.01,[0.03  0.015 0.035 ... 0.035 0.01  0.025],[0.035 0.03  0.015 ... 0.015 0.04  0.045]
2023-12-26,40,right,14,-100,0,0,0,OT,24.61,11.735,6.223726777422029,1.029,1.027,[0.015 0.015 0.015 ... 0.015 0.01  0.025],[0.005 0.005 0.    ... 0.01  0.    0.005]
2023-12-26,40,right,15,-100,0,0,0,OT,39.435,18.83,18.592501176549646,1.027,1.014,[0.045 0.015 0.03  ... 0.01  0.005 0.04 ],[0.025 0.01  0.03  ... 0.015 0.03  0.025]
2023-12-26,40,right,16,-100,0,0,0,OT,30.44,12.5,9.03603895520598,1.03,1.024,[0.01  0.    0.01  ... 0.    0.01  0.015],[0.01  0.015 0.015 ... 0.01  0.015 0.025]
2023-12-26,40,right,17,-100,0,0,0,Forebrain,66.33,22.96,8.59816259441516,1.011,1.005,[0.015 0.015 0.035 ... 0.005 0.02  0.035],[0.03  0.015 0.06  ... 0.02  0.03  0.02 ]
2023-12-26,40,right,18,-100,0,0,0,Forebrain,30.37,7.17,2.703904584115349,1.016,1.005,[0.005 0.01  0.    ... 0.015 0.    0.005],[0.005 0.01  0.    ... 0.005 0.02  0.005]
2023-12-26,40,right,19,-100,0,0,0,Forebrain,54.99,16.09,3.9181500736954935,1.019,1.004,[0.02  0.025 0.02  ... 0.03  0.03  0.005],[0.01  0.015 0.01  ... 0.025 0.01  0.015]
2023-12-26,40,right,20,-100,0,0,0,Forebrain,137.51,10.42,4.135649888469768,1.013,1.004,[0.015 0.005 0.005 ... 0.01  0.02  0.005],[0.02  0.005 0.01  ... 0.005 0.015 0.01 ]
2023-12-26,40,right,21,-100,0,0,0,Forebrain,138.29,13.47,4.416910685082957,1.011,1.004,[0.01  0.01  0.015 ... 0.01  0.02  0.01 ],[0.005 0.015 0.01  ... 0.01  0.01  0.01 ]
2023-12-26,40,right,22,-100,0,0,0,Forebrain,23.59,8.41,3.126003838769236,1.011,1.005,[0.02  0.    0.005 ... 0.02  0.015 0.005],[0.015 0.005 0.015 ... 0.01  0.005 0.01 ]
2023-12-26,40,right,23,-100,0,0,0,Forebrain,121.66,36.385,8.629992757818513,1.019,1.004,[0.035 0.035 0.025 ... 0.055 0.04  0.02 ],[0.02  0.02  0.035 ... 0.025 0.05  0.035]
2023-12-26,40,right,24,-100,0,0,0,Forebrain,77.375,35.755,11.328502769563151,1.011,1.005,[0.03  0.03  0.04  ... 0.035 0.035 0.04 ],[0.03  0.025 0.05  ... 0.02  0.035 0.02 ]
2023-12-26,40,right,25,-100,0,0,0,Forebrain,174.105,15.68,5.333629158462369,1.013,1.004,[0.005 0.    0.    ... 0.015 0.02  0.01 ],[0.02  0.    0.015 ... 0.005 0.005 0.01 ]
2023-12-26,40,right,26,-100,0,0,0,Forebrain,191.6,9.315,4.593013716504665,1.007,1.004,[0.02  0.005 0.005 ... 0.005 0.    0.025],[0.01  0.02  0.005 ... 0.    0.005 0.   ]
2023-12-26,40,right,27,-100,0,0,0,Forebrain,39.47,15.58,3.9715991741362826,1.017,1.007,[0.01  0.015 0.025 ... 0.005 0.02  0.005],[0.015 0.015 0.005 ... 0.015 0.01  0.025]
2023-12-26,40,right,28,-100,0,0,0,Forebrain,29.365,0.07,0.3083828789021855,1.007,1.004,[0. 0. 0. ... 0. 0. 0.],[0. 0. 0. ... 0. 0. 0.]
2023-12-26,40,right,29,-100,0,0,0,Forebrain,52.675,0.19,0.4836320915737498,1.013,1.004,[0. 0. 0. ... 0. 0. 0.],[0. 0. 0. ... 0. 0. 0.]
2023-12-26,40,right,30,-100,0,0,0,Forebrain,45.995,15.35,3.882975663070785,1.02,1.005,[0.025 0.01  0.02  ... 0.025 0.005 0.01 ],[0.02  0.015 0.025 ... 0.015 0.005 0.   ]
2023-12-26,40,right,31,-100,0,0,0,Forebrain,251.105,9.43,6.751673866531173,1.011,1.004,[0.005 0.01  0.005 ... 0.015 0.    0.   ],[0.005 0.02  0.005 ... 0.    0.005 0.015]
2023-12-26,40,right,32,-100,0,0,0,Forebrain,168.88,7.275,4.437271120857954,1.013,1.004,[0.005 0.005 0.005 ... 0.005 0.    0.01 ],[0.    0.01  0.005 ... 0.005 0.005 0.   ]
2023-12-28,40,right,1,-80,10,0,10,OT,33.125,16.125,8.974930361846827,1.027,1.024,[0.015 0.02  0.005 ... 0.005 0.02  0.01 ],[0.025 0.015 0.01  ... 0.01  0.01  0.005]
2023-12-28,40,right,2,-80,10,0,10,OT,62.15,29.37,13.954321911149965,1.029,1.023,[0.04  0.035 0.04  ... 0.03  0.015 0.025],[0.025 0.01  0.035 ... 0.045 0.015 0.   ]
2023-12-28,40,right,3,-80,10,0,10,OT,39.49,15.755,9.132632424443678,1.029,1.025,[0.015 0.015 0.01  ... 0.015 0.02  0.025],[0.005 0.015 0.02  ... 0.01  0.005 0.015]
2023-12-28,40,right,4,-80,10,0,10,OT,20.19,9.38,7.32090158382149,1.029,1.02,[0.01  0.01  0.02  ... 0.01  0.    0.015],[0.01  0.01  0.01  ... 0.02  0.015 0.015]
2023-12-28,40,right,5,-80,10,0,10,OT,26.585,10.83,9.868186256855918,1.028,1.024,[0.    0.005 0.02  ... 0.005 0.01  0.01 ],[0.015 0.    0.01  ... 0.01  0.02  0.005]
2023-12-28,40,right,6,-80,10,0,10,OT,31.265,12.855,8.362653586033561,1.029,1.024,[0.015 0.005 0.005 ... 0.02  0.01  0.015],[0.005 0.02  0.02  ... 0.005 0.    0.   ]
2023-12-28,40,right,7,-80,10,0,10,OT,40.66,15.72,10.396230085949425,1.027,1.024,[0.01  0.015 0.02  ... 0.01  0.015 0.02 ],[0.025 0.01  0.02  ... 0.01  0.005 0.01 ]
2023-12-28,40,right,8,-80,10,0,10,OT,40.24,15.725,10.689217698222825,1.028,1.024,[0.015 0.005 0.025 ... 0.02  0.01  0.015],[0.01  0.005 0.005 ... 0.015 0.025 0.005]
2023-12-28,40,right,11,-80,10,0,10,OT,20.92,10.29,4.658959111217869,1.03,1.025,[0.01  0.015 0.015 ... 0.01  0.01  0.   ],[0.03  0.005 0.02  ... 0.005 0.005 0.015]
2023-12-28,40,right,12,-80,10,0,10,OT,18.805,12.07,9.278205645489864,1.023,1.018,[0.005 0.005 0.01  ... 0.005 0.005 0.005],[0.005 0.01  0.005 ... 0.01  0.005 0.01 ]
2023-12-28,40,right,14,-80,10,0,10,OT,34.72,16.29,8.233219297455886,1.029,1.024,[0.015 0.02  0.02  ... 0.025 0.01  0.03 ],[0.015 0.025 0.03  ... 0.015 0.01  0.035]
2023-12-28,40,right,15,-80,10,0,10,OT,25.755,16.765,11.440706927458637,1.026,1.014,[0.015 0.01  0.03  ... 0.02  0.03  0.01 ],[0.01  0.005 0.01  ... 0.015 0.025 0.02 ]
2023-12-28,40,right,16,-80,10,0,10,OT,37.7,21.475,14.57564321050704,1.026,1.017,[0.025 0.03  0.02  ... 0.015 0.015 0.025],[0.01  0.015 0.015 ... 0.02  0.015 0.015]
2023-12-28,40,right,17,-80,10,0,10,Forebrain,67.805,25.84,6.399562485045365,1.011,1.004,[0.035 0.025 0.025 ... 0.03  0.02  0.025],[0.02  0.025 0.01  ... 0.03  0.025 0.03 ]
2023-12-28,40,right,18,-80,10,0,10,Forebrain,56.185,21.645,5.087138193522955,1.013,1.004,[0.03  0.025 0.03  ... 0.02  0.02  0.015],[0.005 0.045 0.02  ... 0.015 0.01  0.025]
2023-12-28,40,right,19,-80,10,0,10,Forebrain,37.375,16.225,4.136952380678317,1.015,1.004,[0.035 0.01  0.035 ... 0.01  0.01  0.025],[0.015 0.01  0.02  ... 0.02  0.025 0.015]
2023-12-28,40,right,20,-80,10,0,10,Forebrain,61.145,15.93,5.108336324088303,1.013,1.003,[0.01  0.015 0.015 ... 0.01  0.01  0.02 ],[0.015 0.015 0.01  ... 0.025 0.015 0.02 ]
2023-12-28,40,right,21,-80,10,0,10,Forebrain,71.14,14.705,4.414518660057968,1.013,1.003,[0.015 0.015 0.02  ... 0.03  0.02  0.015],[0.02  0.005 0.025 ... 0.02  0.02  0.03 ]
2023-12-28,40,right,22,-80,10,0,10,Forebrain,29.22,19.635,4.116038751032356,1.006,1.003,[0.02  0.005 0.03  ... 0.025 0.035 0.03 ],[0.035 0.015 0.015 ... 0.04  0.02  0.015]
2023-12-28,40,right,23,-80,10,0,10,Forebrain,19.16,5.34,2.31395764870492,1.013,1.006,[0.005 0.005 0.    ... 0.01  0.    0.005],[0.01  0.005 0.    ... 0.005 0.    0.   ]
2023-12-28,40,right,24,-80,10,0,10,Forebrain,30.06,11.895,4.449042031718739,1.008,1.004,[0.005 0.01  0.01  ... 0.005 0.015 0.005],[0.025 0.025 0.02  ... 0.01  0.02  0.015]
2023-12-28,40,right,25,-80,10,0,10,Forebrain,230.81,14.165,6.23841125608115,1.016,1.006,[0.025 0.    0.01  ... 0.005 0.02  0.01 ],[0.025 0.005 0.01  ... 0.03  0.005 0.01 ]
2023-12-28,40,right,26,-80,10,0,10,Forebrain,54.015,2.645,1.6275672029136004,1.013,1.004,[0.    0.005 0.005 ... 0.005 0.005 0.005],[0.    0.01  0.    ... 0.005 0.005 0.005]
2023-12-28,40,right,27,-80,10,0,10,Forebrain,17.06,9.45,3.5731638641405743,1.013,1.006,[0.01  0.005 0.01  ... 0.005 0.    0.005],[0.    0.015 0.005 ... 0.01  0.03  0.015]
2023-12-28,40,right,28,-80,10,0,10,Forebrain,212.135,9.45,5.190134873006673,1.014,1.004,[0.    0.01  0.    ... 0.005 0.015 0.005],[0.005 0.015 0.005 ... 0.02  0.005 0.02 ]
2023-12-28,40,right,29,-80,10,0,10,Forebrain,189.985,6.3,4.0853396431631,1.013,1.005,[0.    0.    0.    ... 0.015 0.01  0.005],[0.    0.    0.015 ... 0.01  0.01  0.015]
2023-12-28,40,right,30,-80,10,0,10,Forebrain,21.485,12.17,4.177451376138326,1.022,1.009,[0.015 0.    0.025 ... 0.005 0.02  0.015],[0.01  0.005 0.015 ... 0.005 0.01  0.005]
2023-12-28,40,right,31,-80,10,0,10,Forebrain,121.37,9.3,3.726929030716845,1.014,1.004,[0.    0.02  0.02  ... 0.01  0.005 0.005],[0.01  0.02  0.015 ... 0.005 0.015 0.01 ]
2023-12-28,40,right,32,-80,10,0,10,Forebrain,85.065,7.34,3.280914506658166,1.015,1.006,[0.015 0.005 0.005 ... 0.    0.03  0.005],[0.005 0.005 0.005 ... 0.005 0.01  0.01 ]
2023-12-30,40,right,1,-70,0,0,0,OT,22.59,10.435,6.528075903357742,1.025,1.02,[0.015 0.015 0.01  ... 0.005 0.    0.01 ],[0.    0.02  0.01  ... 0.005 0.005 0.   ]
2023-12-30,40,right,2,-70,0,0,0,OT,12.705,7.66,5.543861470130725,1.025,1.021,[0.005 0.    0.005 ... 0.005 0.    0.   ],[0.    0.01  0.005 ... 0.005 0.01  0.   ]
2023-12-30,40,right,3,-70,0,0,0,OT,19.53,8.76,5.309651589322976,1.024,1.022,[0.005 0.005 0.01  ... 0.01  0.005 0.005],[0.01  0.005 0.005 ... 0.02  0.01  0.01 ]
2023-12-30,40,right,4,-70,0,0,0,OT,17.455,10.02,5.577598049339877,1.024,1.02,[0.005 0.02  0.005 ... 0.01  0.005 0.   ],[0.01  0.005 0.01  ... 0.02  0.015 0.005]
2023-12-30,40,right,5,-70,0,0,0,OT,35.185,20.075,9.418565442783736,1.024,1.016,[0.015 0.02  0.02  ... 0.025 0.02  0.005],[0.01  0.015 0.03  ... 0.015 0.025 0.025]
2023-12-30,40,right,6,-70,0,0,0,OT,20.38,9.515,5.825785354782649,1.027,1.021,[0.01  0.005 0.03  ... 0.01  0.025 0.01 ],[0.015 0.    0.01  ... 0.    0.01  0.   ]
2023-12-30,40,right,7,-70,0,0,0,OT,25.81,10.94,8.697493891920821,1.026,1.02,[0.    0.03  0.015 ... 0.    0.005 0.025],[0.01  0.02  0.005 ... 0.01  0.    0.005]
2023-12-30,40,right,8,-70,0,0,0,OT,19.905,8.71,6.943046881593124,1.023,1.02,[0.005 0.005 0.    ... 0.005 0.    0.   ],[0.02  0.01  0.    ... 0.01  0.015 0.02 ]
2023-12-30,40,right,9,-70,0,0,0,OT,14.955,8.115,5.237535202745658,1.02,1.019,[0.01  0.015 0.01  ... 0.015 0.005 0.   ],[0.    0.005 0.005 ... 0.005 0.005 0.   ]
2023-12-30,40,right,10,-70,0,0,0,OT,21.37,11.45,9.847207726051076,1.021,1.018,[0.01  0.005 0.015 ... 0.015 0.01  0.   ],[0.005 0.01  0.005 ... 0.01  0.01  0.015]
2023-12-30,40,right,11,-70,0,0,0,OT,13.02,7.485,3.8327242269696367,1.028,1.024,[0.    0.015 0.005 ... 0.01  0.01  0.005],[0.015 0.01  0.    ... 0.005 0.005 0.02 ]
2023-12-30,40,right,12,-70,0,0,0,OT,17.64,10.74,7.721554247688738,1.024,1.016,[0.01  0.01  0.01  ... 0.02  0.005 0.025],[0.015 0.    0.005 ... 0.01  0.    0.01 ]
2023-12-30,40,right,13,-70,0,0,0,OT,28.13,20.685,11.969368195523105,1.024,1.016,[0.02  0.015 0.02  ... 0.02  0.015 0.015],[0.015 0.    0.01  ... 0.02  0.015 0.01 ]
2023-12-30,40,right,14,-70,0,0,0,OT,17.03,8.22,4.582750265942931,1.028,1.023,[0.005 0.015 0.005 ... 0.015 0.01  0.005],[0.01 0.01 0.01 ... 0.   0.   0.  ]
2023-12-30,40,right,15,-70,0,0,0,OT,15.985,9.77,5.906530284354767,1.02,1.017,[0.015 0.01  0.005 ... 0.005 0.01  0.005],[0.005 0.    0.    ... 0.01  0.005 0.015]
2023-12-30,40,right,17,-70,0,0,0,Forebrain,29.655,13.025,3.98928251694462,1.011,1.005,[0.02  0.005 0.01  ... 0.02  0.02  0.01 ],[0.035 0.005 0.015 ... 0.02  0.005 0.01 ]
2023-12-30,40,right,18,-70,0,0,0,Forebrain,38.49,13.09,3.929618302074643,1.011,1.003,[0.02  0.025 0.02  ... 0.045 0.015 0.005],[0.005 0.01  0.015 ... 0.01  0.    0.02 ]
2023-12-30,40,right,19,-70,0,0,0,Forebrain,27.7,14.34,4.493817975841923,1.011,1.005,[0.03  0.005 0.005 ... 0.01  0.005 0.01 ],[0.005 0.01  0.015 ... 0.03  0.005 0.005]
2023-12-30,40,right,20,-70,0,0,0,Forebrain,180.97,8.665,4.659696878553368,1.013,1.005,[0.01  0.01  0.005 ... 0.005 0.005 0.005],[0.005 0.005 0.005 ... 0.015 0.02  0.   ]
2023-12-30,40,right,21,-70,0,0,0,Forebrain,101.4,5.8,2.740437921208944,1.014,1.004,[0.005 0.005 0.    ... 0.01  0.005 0.02 ],[0.   0.01 0.   ... 0.01 0.   0.  ]
2023-12-30,40,right,22,-70,0,0,0,Forebrain,12.535,5.07,2.356925964047237,1.744,1.01,[0.    0.    0.005 ... 0.005 0.    0.   ],[0.    0.005 0.    ... 0.    0.005 0.005]
2023-12-30,40,right,23,-70,0,0,0,Forebrain,16.555,6.3,2.374868417407584,1.026,1.003,[0.005 0.005 0.    ... 0.005 0.005 0.005],[0.025 0.005 0.    ... 0.025 0.    0.005]
2023-12-30,40,right,24,-70,0,0,0,Forebrain,15.79,6.78,2.7733733971465147,1.016,1.005,[0.005 0.005 0.01  ... 0.005 0.01  0.01 ],[0.    0.01  0.005 ... 0.01  0.    0.005]
2023-12-30,40,right,25,-70,0,0,0,Forebrain,228.155,11.165,5.586391948297218,1.013,1.005,[0.01  0.025 0.015 ... 0.02  0.015 0.01 ],[0.005 0.01  0.005 ... 0.02  0.01  0.   ]
2023-12-30,40,right,26,-70,0,0,0,Forebrain,84.37,10.55,3.642457961322272,1.013,1.007,[0.015 0.01  0.02  ... 0.015 0.015 0.01 ],[0.    0.    0.01  ... 0.005 0.015 0.005]
2023-12-30,40,right,27,-70,0,0,0,Forebrain,7.73,4.325,2.6980316899547345,1.018,1.003,[0.005 0.    0.    ... 0.    0.01  0.005],[0.    0.    0.005 ... 0.    0.    0.005]
2023-12-30,40,right,28,-70,0,0,0,Forebrain,148.8,2.555,3.1427655019106977,1.013,1.004,[0.005 0.    0.    ... 0.    0.    0.   ],[0.005 0.    0.005 ... 0.    0.    0.   ]
2023-12-30,40,right,29,-70,0,0,0,Forebrain,106.955,2.41,2.1706911341782367,1.014,1.004,[0.005 0.015 0.005 ... 0.    0.005 0.   ],[0.    0.005 0.    ... 0.    0.    0.   ]
2023-12-30,40,right,30,-70,0,0,0,Forebrain,14.355,7.28,2.908882947112173,1.014,1.005,[0.    0.    0.015 ... 0.01  0.01  0.   ],[0.005 0.005 0.    ... 0.005 0.005 0.005]
2023-12-30,40,right,31,-70,0,0,0,Forebrain,107.37,0.275,1.0437312872574052,1.015,1.004,[0.    0.    0.    ... 0.005 0.    0.   ],[0.    0.    0.    ... 0.005 0.    0.   ]
2023-12-30,40,right,32,-70,0,0,0,Forebrain,283.8,5.11,4.612797415885506,1.014,1.005,[0.    0.005 0.01  ... 0.    0.01  0.   ],[0.005 0.    0.005 ... 0.    0.005 0.   ]
2024-01-08,40,right,1,-80,-30,0,-30,OT,9.535,5.95,4.977700272214068,1.025,1.021,[0.01  0.005 0.    ... 0.    0.005 0.01 ],[0.03  0.025 0.005 ... 0.    0.005 0.005]
2024-01-08,40,right,2,-80,-30,0,-30,OT,7.11,3.935,3.242032541477645,1.025,1.017,[0.01  0.    0.005 ... 0.    0.005 0.   ],[0.02  0.01  0.015 ... 0.    0.005 0.01 ]
2024-01-08,40,right,3,-80,-30,0,-30,OT,9.82,5.57,3.912173309044476,1.024,1.019,[0.    0.01  0.005 ... 0.    0.005 0.01 ],[0.01  0.025 0.01  ... 0.005 0.01  0.005]
2024-01-08,40,right,4,-80,-30,0,-30,OT,34.045,20.12,14.753833400170953,1.025,1.019,[0.015 0.01  0.025 ... 0.01  0.015 0.02 ],[0.03  0.025 0.04  ... 0.015 0.02  0.02 ]
2024-01-08,40,right,5,-80,-30,0,-30,OT,31.425,17.34,16.704023467416466,1.022,1.018,[0.01  0.005 0.005 ... 0.    0.02  0.015],[0.025 0.01  0.03  ... 0.01  0.015 0.01 ]
2024-01-08,40,right,6,-80,-30,0,-30,OT,47.625,28.55,29.65446846598334,1.032,1.023,[0.01  0.015 0.02  ... 0.03  0.025 0.015],[0.04  0.045 0.035 ... 0.055 0.05  0.025]
2024-01-08,40,right,7,-80,-30,0,-30,OT,68.56,41.465,42.48315872201595,1.027,1.017,[0.04  0.03  0.02  ... 0.035 0.05  0.035],[0.06  0.07  0.085 ... 0.045 0.04  0.045]
2024-01-08,40,right,8,-80,-30,0,-30,OT,62.545,34.545,33.29426339476517,1.024,1.018,[0.01  0.025 0.015 ... 0.03  0.02  0.03 ],[0.05  0.075 0.075 ... 0.03  0.035 0.05 ]
2024-01-08,40,right,10,-80,-30,0,-30,OT,30.38,20.155,16.94670985766854,1.025,1.018,[0.01  0.005 0.02  ... 0.01  0.015 0.01 ],[0.035 0.02  0.02  ... 0.01  0.035 0.02 ]
2024-01-08,40,right,11,-80,-30,0,-30,OT,30.68,18.625,16.18902019888789,1.032,1.025,[0.01  0.    0.02  ... 0.005 0.02  0.   ],[0.03  0.03  0.035 ... 0.035 0.04  0.035]
2024-01-08,40,right,12,-80,-30,0,-30,OT,33.655,22.025,18.64146922857745,1.025,1.016,[0.025 0.02  0.02  ... 0.025 0.025 0.035],[0.02  0.045 0.025 ... 0.02  0.025 0.05 ]
2024-01-08,40,right,13,-80,-30,0,-30,OT,56.495,37.225,28.141328593369572,1.021,1.015,[0.04  0.025 0.03  ... 0.025 0.03  0.035],[0.075 0.05  0.04  ... 0.04  0.03  0.04 ]
2024-01-08,40,right,14,-80,-30,0,-30,OT,45.15,29.26,28.01521729346392,1.03,1.024,[0.05  0.005 0.03  ... 0.01  0.02  0.035],[0.035 0.065 0.05  ... 0.045 0.025 0.03 ]
2024-01-08,40,right,15,-80,-30,0,-30,OT,66.19,43.24,32.90884987355225,1.024,1.016,[0.03  0.045 0.035 ... 0.03  0.025 0.03 ],[0.06  0.055 0.06  ... 0.05  0.055 0.065]
2024-01-08,40,right,16,-80,-30,0,-30,OT,60.07,38.26,31.69309704020736,1.024,1.016,[0.02  0.02  0.015 ... 0.02  0.03  0.015],[0.05  0.06  0.05  ... 0.045 0.05  0.045]
2024-01-08,40,right,17,-80,-30,0,-30,Forebrain,25.955,10.905,5.076019602011009,1.015,1.004,[0.015 0.015 0.025 ... 0.03  0.02  0.   ],[0.035 0.01  0.01  ... 0.015 0.02  0.   ]
2024-01-08,40,right,18,-80,-30,0,-30,Forebrain,20.455,6.26,2.720735194758946,1.015,1.007,[0.01  0.    0.02  ... 0.    0.    0.005],[0.015 0.005 0.025 ... 0.    0.    0.015]
2024-01-08,40,right,19,-80,-30,0,-30,Forebrain,16.605,8.575,3.1455325463266157,1.019,1.004,[0.015 0.015 0.    ... 0.01  0.015 0.01 ],[0.005 0.005 0.015 ... 0.01  0.005 0.   ]
2024-01-08,40,right,20,-80,-30,0,-30,Forebrain,40.695,6.295,2.651032817601472,1.009,1.003,[0.    0.01  0.01  ... 0.    0.015 0.005],[0.    0.005 0.    ... 0.    0.01  0.005]
2024-01-08,40,right,21,-80,-30,0,-30,Forebrain,34.465,10.375,3.55729883479024,1.009,1.004,[0.005 0.005 0.015 ... 0.005 0.005 0.   ],[0.005 0.01  0.005 ... 0.01  0.005 0.01 ]
2024-01-08,40,right,22,-80,-30,0,-30,Forebrain,40.7,8.275,2.9307635523869884,1.017,1.005,[0.   0.   0.02 ... 0.01 0.   0.01],[0.005 0.    0.005 ... 0.015 0.    0.005]
2024-01-08,40,right,23,-80,-30,0,-30,Forebrain,26.175,8.79,3.308458855721196,1.015,1.008,[0.01  0.005 0.005 ... 0.01  0.01  0.005],[0.01  0.02  0.015 ... 0.    0.03  0.01 ]
2024-01-08,40,right,24,-80,-30,0,-30,Forebrain,58.35,8.84,3.5936610858565947,1.015,1.006,[0.005 0.01  0.02  ... 0.    0.02  0.01 ],[0.005 0.005 0.005 ... 0.    0.01  0.02 ]
2024-01-08,40,right,25,-80,-30,0,-30,Forebrain,56.94,8.275,2.983182025958188,1.009,1.005,[0.005 0.01  0.015 ... 0.015 0.    0.01 ],[0.005 0.01  0.015 ... 0.005 0.005 0.005]
2024-01-08,40,right,26,-80,-30,0,-30,Forebrain,122.705,3.675,3.0576747701480613,1.019,1.008,[0.005 0.    0.    ... 0.    0.005 0.005],[0.    0.    0.005 ... 0.005 0.    0.   ]
2024-01-08,40,right,27,-80,-30,0,-30,Forebrain,18.875,7.155,2.9412539842726946,1.014,1.005,[0.    0.    0.015 ... 0.005 0.025 0.   ],[0.005 0.    0.    ... 0.005 0.01  0.   ]
2024-01-08,40,right,28,-80,-30,0,-30,Forebrain,322.595,4.8,7.4993333037010705,1.016,1.007,[0.005 0.    0.    ... 0.005 0.01  0.005],[0.    0.    0.005 ... 0.    0.    0.   ]
2024-01-08,40,right,29,-80,-30,0,-30,Forebrain,242.985,1.525,3.382214511233727,1.015,1.007,[0.005 0.    0.005 ... 0.01  0.    0.   ],[0.    0.    0.005 ... 0.    0.005 0.   ]
2024-01-08,40,right,30,-80,-30,0,-30,Forebrain,19.9,6.495,2.7622409380790804,1.02,1.006,[0.    0.005 0.005 ... 0.015 0.005 0.005],[0.005 0.005 0.005 ... 0.    0.01  0.005]
2024-01-08,40,right,31,-80,-30,0,-30,Forebrain,191.325,3.565,4.115309830377296,1.015,1.007,[0. 0. 0. ... 0. 0. 0.],[0. 0. 0. ... 0. 0. 0.]
2024-01-08,40,right,32,-80,-30,0,-30,Forebrain,89.705,8.475,4.592316953347188,1.015,1.005,[0.015 0.01  0.005 ... 0.005 0.005 0.01 ],[0.01  0.005 0.005 ... 0.005 0.01  0.   ]
2024-03-12,256,left,1,20,20,100,20,OT,10.845,6.76,13.02698737237432,1.021,1.018,[0.005 0.    0.01  ... 0.    0.    0.01 ],[0.01  0.005 0.    ... 0.005 0.    0.005]
2024-03-12,256,left,4,20,20,100,20,OT,4.54,3.04,4.105898196497327,1.026,1.019,[0.    0.    0.005 ... 0.    0.005 0.   ],[0.   0.   0.01 ... 0.01 0.   0.  ]
2024-03-12,256,left,5,20,20,100,20,OT,7.775,4.88,6.158376409411819,1.021,1.019,[0.005 0.015 0.01  ... 0.    0.    0.005],[0.    0.01  0.005 ... 0.01  0.    0.01 ]
2024-03-12,256,left,9,20,20,100,20,OT,13.755,9.985,7.31811280317542,1.022,1.019,[0.005 0.01  0.    ... 0.    0.01  0.02 ],[0.005 0.015 0.005 ... 0.015 0.015 0.01 ]
2024-03-12,256,left,13,20,20,100,20,OT,38.43,25.755,27.552404160072854,1.025,1.016,[0.025 0.015 0.015 ... 0.015 0.02  0.01 ],[0.03  0.015 0.04  ... 0.02  0.035 0.03 ]
2024-03-12,256,left,15,20,20,100,20,OT,12.775,9.15,7.785724115328002,1.024,1.019,[0.015 0.01  0.01  ... 0.005 0.01  0.025],[0.005 0.005 0.005 ... 0.015 0.025 0.01 ]
2024-03-12,256,left,16,20,20,100,20,OT,13.53,9.18,10.543604696686993,1.024,1.018,[0.005 0.005 0.005 ... 0.005 0.005 0.01 ],[0.    0.005 0.005 ... 0.    0.01  0.01 ]
2024-03-12,256,left,17,20,20,100,20,Forebrain,20.24,7.995,6.24059091753337,1.017,1.007,[0.01  0.    0.01  ... 0.005 0.005 0.   ],[0.02  0.02  0.015 ... 0.01  0.    0.005]
2024-03-12,256,left,18,20,20,100,20,Forebrain,17.36,6.965,4.215895515783093,1.156,1.004,[0.005 0.02  0.01  ... 0.02  0.005 0.   ],[0.01  0.005 0.    ... 0.015 0.    0.005]
2024-03-12,256,left,19,20,20,100,20,Forebrain,24.865,4.275,3.83658376684258,1.021,1.011,[0.01  0.005 0.    ... 0.015 0.005 0.   ],[0.    0.01  0.005 ... 0.01  0.005 0.   ]
2024-03-12,256,left,20,20,20,100,20,Forebrain,12.55,5.29,3.592478253239677,1.031,1.012,[0.01  0.005 0.    ... 0.015 0.    0.   ],[0.005 0.    0.    ... 0.01  0.01  0.   ]
2024-03-12,256,left,21,20,20,100,20,Forebrain,7.995,3.095,2.680666894636482,1.013,1.0,[0.005 0.005 0.015 ... 0.    0.005 0.   ],[0.    0.005 0.    ... 0.    0.    0.005]
2024-03-12,256,left,23,20,20,100,20,Forebrain,56.645,22.31,5.87485318965504,1.011,1.01,[0.05  0.03  0.01  ... 0.025 0.04  0.03 ],[0.035 0.02  0.03  ... 0.01  0.035 0.015]
2024-03-12,256,left,24,20,20,100,20,Forebrain,13.82,5.975,3.33831918785487,1.463,1.007,[0.005 0.005 0.005 ... 0.015 0.005 0.01 ],[0.005 0.    0.005 ... 0.005 0.015 0.005]
2024-03-12,256,left,27,20,20,100,20,Forebrain,21.675,5.615,4.121501546766663,1.027,1.016,[0.005 0.02  0.    ... 0.005 0.    0.   ],[0.01  0.    0.01  ... 0.    0.    0.015]
2024-03-12,256,left,29,20,20,100,20,Forebrain,18.415,7.06,4.9876246851582575,1.01,1.007,[0.005 0.015 0.01  ... 0.015 0.    0.01 ],[0.01  0.005 0.005 ... 0.005 0.    0.   ]
2024-03-12,256,left,30,20,20,100,20,Forebrain,22.14,8.56,4.639655159599688,1.02,1.011,[0.01  0.01  0.01  ... 0.02  0.    0.015],[0.005 0.025 0.03  ... 0.01  0.01  0.005]
2024-03-14,256,left,1,20,20,100,20,OT,3.515,2.295,1.7023439722923217,1.023,1.018,[0.005 0.    0.005 ... 0.005 0.005 0.01 ],[0.   0.   0.01 ... 0.   0.   0.  ]
2024-03-14,256,left,4,20,20,100,20,OT,7.755,5.535,2.6942113874007734,1.023,1.018,[0.015 0.    0.005 ... 0.01  0.005 0.005],[0.    0.    0.005 ... 0.005 0.005 0.   ]
2024-03-14,256,left,9,20,20,100,20,OT,11.165,7.84,4.529282503885136,1.024,1.017,[0.02  0.005 0.01  ... 0.005 0.01  0.005],[0.    0.015 0.01  ... 0.005 0.005 0.005]
2024-03-14,256,left,13,20,20,100,20,OT,35.82,26.14,14.562980464176968,1.024,1.017,[0.015 0.015 0.015 ... 0.02  0.02  0.02 ],[0.02  0.03  0.025 ... 0.025 0.015 0.015]
2024-03-14,256,left,15,20,20,100,20,OT,8.03,5.74,3.768607169764448,1.024,1.019,[0.005 0.005 0.    ... 0.005 0.005 0.015],[0.01 0.01 0.   ... 0.   0.   0.  ]
2024-03-14,256,left,16,20,20,100,20,OT,11.515,8.075,4.556245713303881,1.023,1.019,[0.01  0.    0.01  ... 0.005 0.01  0.01 ],[0.    0.005 0.    ... 0.01  0.005 0.005]
2024-03-14,256,left,17,20,20,100,20,Forebrain,17.875,9.61,3.1028857536171066,1.021,1.007,[0.01 0.02 0.01 ... 0.01 0.01 0.02],[0.    0.    0.01  ... 0.005 0.    0.015]
2024-03-14,256,left,18,20,20,100,20,Forebrain,14.95,6.65,2.6167728216259047,1.026,1.007,[0.01  0.005 0.01  ... 0.01  0.    0.01 ],[0.005 0.005 0.01  ... 0.025 0.    0.015]
2024-03-14,256,left,19,20,20,100,20,Forebrain,22.11,11.54,4.103461953034291,1.02,1.008,[0.015 0.02  0.02  ... 0.03  0.01  0.005],[0.005 0.01  0.005 ... 0.015 0.03  0.02 ]
2024-03-14,256,left,21,20,20,100,20,Forebrain,16.045,6.41,2.542026750449334,1.013,1.0,[0.    0.005 0.005 ... 0.    0.005 0.005],[0.015 0.01  0.01  ... 0.    0.01  0.005]
2024-03-14,256,left,22,20,20,100,20,Forebrain,16.89,6.465,2.8423185957946377,1.036,1.014,[0.    0.01  0.01  ... 0.005 0.01  0.   ],[0.01  0.025 0.02  ... 0.005 0.    0.025]
2024-03-14,256,left,23,20,20,100,20,Forebrain,7.495,2.275,1.7173744495595595,1.154,1.01,[0.005 0.    0.    ... 0.005 0.    0.01 ],[0.02  0.01  0.02  ... 0.015 0.01  0.015]
2024-03-14,256,left,24,20,20,100,20,Forebrain,20.295,9.45,3.6190468358395145,1.021,1.008,[0.01 0.02 0.01 ... 0.01 0.01 0.  ],[0.005 0.005 0.    ... 0.02  0.02  0.01 ]
2024-03-14,256,left,25,20,20,100,20,Forebrain,26.395,16.845,3.946007475917905,1.04,1.009,[0.01  0.015 0.01  ... 0.015 0.015 0.02 ],[0.01  0.015 0.03  ... 0.015 0.005 0.01 ]
2024-03-14,256,left,27,20,20,100,20,Forebrain,33.815,17.415,4.792992280402713,1.028,1.016,[0.02  0.015 0.    ... 0.01  0.015 0.005],[0.   0.   0.   ... 0.01 0.01 0.  ]
2024-03-14,256,left,30,20,20,100,20,Forebrain,18.94,5.095,2.294771230427992,1.021,1.01,[0.    0.005 0.    ... 0.    0.    0.005],[0.015 0.01  0.01  ... 0.01  0.02  0.02 ]
2024-03-15,256,left,1,20,30,80,30,OT,19.19,9.86,7.920252521226833,1.024,1.02,[0.01  0.015 0.005 ... 0.01  0.01  0.   ],[0.01  0.005 0.035 ... 0.01  0.005 0.015]
2024-03-15,256,left,2,20,30,80,30,OT,38.77,22.29,10.410374633028344,1.024,1.018,[0.02  0.005 0.02  ... 0.02  0.005 0.035],[0.01  0.035 0.03  ... 0.025 0.01  0.035]
2024-03-15,256,left,4,20,30,80,30,OT,68.02,40.185,26.092159262889687,1.025,1.017,[0.045 0.035 0.06  ... 0.05  0.04  0.015],[0.05  0.055 0.055 ... 0.03  0.035 0.025]
2024-03-15,256,left,5,20,30,80,30,OT,31.285,18.145,12.055868902737789,1.025,1.02,[0.025 0.04  0.01  ... 0.02  0.01  0.01 ],[0.03  0.02  0.045 ... 0.015 0.02  0.03 ]
2024-03-15,256,left,7,20,30,80,30,OT,20.31,9.97,5.9236053210861375,1.021,1.019,[0.01  0.    0.02  ... 0.005 0.005 0.005],[0.015 0.01  0.01  ... 0.005 0.005 0.005]
2024-03-15,256,left,9,20,30,80,30,OT,65.565,36.47,29.14942709557085,1.025,1.017,[0.05  0.05  0.035 ... 0.045 0.045 0.055],[0.06  0.06  0.065 ... 0.025 0.025 0.025]
2024-03-15,256,left,13,20,30,80,30,OT,15.79,7.445,3.8777538601618335,1.017,1.01,[0.02  0.01  0.    ... 0.    0.005 0.   ],[0.015 0.    0.005 ... 0.01  0.01  0.01 ]
2024-03-15,256,left,15,20,30,80,30,OT,9.725,6.015,2.957156573467154,1.026,1.011,[0.01  0.005 0.01  ... 0.01  0.01  0.005],[0.005 0.01  0.01  ... 0.    0.02  0.015]
2024-03-15,256,left,16,20,30,80,30,OT,49.2,24.495,23.9906226471928,1.025,1.015,[0.02 0.04 0.04 ... 0.04 0.04 0.01],[0.04  0.015 0.04  ... 0.02  0.02  0.03 ]
2024-03-15,256,left,17,20,30,80,30,Forebrain,10.28,5.205,2.470420004776516,1.694,1.017,[0.005 0.    0.    ... 0.    0.005 0.   ],[0.015 0.01  0.    ... 0.    0.    0.005]
2024-03-15,256,left,18,20,30,80,30,Forebrain,13.61,5.22,2.147463620180793,1.011,1.0,[0.01  0.01  0.005 ... 0.005 0.005 0.005],[0.005 0.005 0.    ... 0.005 0.005 0.   ]
2024-03-15,256,left,19,20,30,80,30,Forebrain,70.145,23.825,6.942216864950273,1.017,1.011,[0.045 0.035 0.04  ... 0.03  0.05  0.035],[0.035 0.02  0.02  ... 0.02  0.    0.025]
2024-03-15,256,left,21,20,30,80,30,Forebrain,30.17,15.265,4.218385354611407,1.014,1.008,[0.02  0.01  0.01  ... 0.    0.005 0.015],[0.01  0.    0.015 ... 0.015 0.01  0.   ]
2024-03-15,256,left,23,20,30,80,30,Forebrain,17.035,8.085,2.8718939743660457,1.014,1.006,[0.015 0.01  0.01  ... 0.005 0.005 0.03 ],[0.01  0.005 0.005 ... 0.01  0.    0.005]
2024-03-15,256,left,24,20,30,80,30,Forebrain,14.955,6.785,2.351334727341048,1.367,1.01,[0.015 0.    0.015 ... 0.005 0.    0.015],[0.005 0.015 0.005 ... 0.    0.005 0.005]
2024-03-15,256,left,27,20,30,80,30,Forebrain,17.46,3.55,1.9665960439297137,1.015,1.014,[0. 0. 0. ... 0. 0. 0.],[0.005 0.005 0.01  ... 0.    0.01  0.01 ]
2024-03-15,256,left,28,20,30,80,30,Forebrain,42.845,16.52,11.045795580219652,2.021,1.013,[0.015 0.025 0.025 ... 0.02  0.02  0.025],[0.035 0.02  0.02  ... 0.025 0.01  0.02 ]
2024-03-15,256,left,30,20,30,80,30,Forebrain,63.56,23.63,5.471115060022043,1.024,1.009,[0.025 0.025 0.035 ... 0.015 0.015 0.01 ],[0.02 0.04 0.03 ... 0.02 0.01 0.02]
2024-03-25,40,right,2,0,0,-100,0,Forebrain,10.92,5.225,2.245968610644414,1.019,1.001,[0.005 0.    0.    ... 0.01  0.005 0.01 ],[0.01  0.01  0.    ... 0.005 0.    0.01 ]
2024-03-25,40,right,3,0,0,-100,0,Forebrain,9.3,4.675,2.051676144034433,1.005,1.001,[0.005 0.    0.    ... 0.    0.    0.   ],[0.    0.005 0.    ... 0.005 0.01  0.01 ]
2024-03-25,40,right,4,0,0,-100,0,Forebrain,91.03,47.51,9.427613695946604,1.065,1.005,[0.04  0.04  0.065 ... 0.05  0.045 0.05 ],[0.07  0.09  0.105 ... 0.03  0.045 0.075]
2024-03-25,40,right,7,0,0,-100,0,Forebrain,17.345,9.005,3.042199040168148,1.011,1.001,[0.015 0.005 0.01  ... 0.01  0.01  0.01 ],[0.01  0.025 0.02  ... 0.015 0.005 0.015]
2024-03-25,40,right,9,0,0,-100,0,Forebrain,136.13,3.265,2.6785770476131536,1.017,1.008,[0.    0.005 0.    ... 0.    0.005 0.   ],[0.    0.015 0.005 ... 0.    0.01  0.005]
2024-03-25,40,right,10,0,0,-100,0,Forebrain,32.88,8.905,2.857617014227064,1.017,1.008,[0.005 0.015 0.01  ... 0.005 0.01  0.   ],[0.015 0.015 0.02  ... 0.01  0.015 0.   ]
2024-03-25,40,right,12,0,0,-100,0,Forebrain,40.45,6.685,2.5701702278253866,1.015,1.004,[0.005 0.    0.    ... 0.    0.01  0.005],[0.015 0.01  0.01  ... 0.01  0.    0.005]
2024-03-25,40,right,13,0,0,-100,0,Forebrain,56.175,11.295,3.4099816715049958,1.011,1.004,[0.01  0.01  0.015 ... 0.005 0.015 0.015],[0.02  0.025 0.025 ... 0.015 0.005 0.   ]
2024-03-25,40,right,15,0,0,-100,0,Forebrain,23.905,6.955,2.8465725003941142,1.01,1.003,[0.    0.01  0.    ... 0.01  0.005 0.015],[0.015 0.005 0.01  ... 0.005 0.005 0.01 ]
2024-03-25,40,right,16,0,0,-100,0,Forebrain,54.015,17.305,4.694888177582082,1.016,1.007,[0.015 0.015 0.015 ... 0.025 0.02  0.02 ],[0.03  0.045 0.04  ... 0.02  0.025 0.04 ]
2024-03-29,40,right,2,0,0,-100,0,Forebrain,16.74,9.915,3.332832879098501,1.396,1.003,[0.01  0.    0.02  ... 0.02  0.01  0.005],[0.025 0.02  0.005 ... 0.01  0.005 0.01 ]
2024-03-29,40,right,5,0,0,-100,0,Forebrain,46.875,22.635,5.050918233351238,1.018,1.006,[0.02 0.03 0.02 ... 0.04 0.03 0.02],[0.03  0.035 0.025 ... 0.    0.02  0.01 ]
2024-03-29,40,right,9,0,0,-100,0,Forebrain,60.025,19.47,4.603161956742343,1.011,1.006,[0.03  0.01  0.03  ... 0.025 0.015 0.02 ],[0.025 0.005 0.02  ... 0.035 0.04  0.02 ]
2024-03-29,40,right,12,0,0,-100,0,Forebrain,39.79,11.53,3.841757410352715,1.007,1.003,[0.005 0.01  0.01  ... 0.02  0.005 0.045],[0.015 0.03  0.015 ... 0.005 0.03  0.01 ]
2024-03-29,40,right,13,0,0,-100,0,Forebrain,33.935,6.555,2.6658910330319205,1.007,1.004,[0.01  0.005 0.005 ... 0.01  0.    0.01 ],[0.005 0.    0.01  ... 0.005 0.01  0.005]
2024-03-29,40,right,15,0,0,-100,0,Forebrain,23.61,11.33,3.6388322302628895,1.007,1.003,[0.025 0.02  0.    ... 0.015 0.015 0.01 ],[0.015 0.    0.    ... 0.015 0.    0.025]
2024-04-02,40,right,13,10,-10,-80,-10,Forebrain,47.485,10.29,3.341541560417886,1.006,1.004,[0.01  0.    0.02  ... 0.01  0.015 0.005],[0.01  0.015 0.015 ... 0.02  0.01  0.015]
2024-04-02,40,right,16,10,-10,-80,-10,Forebrain,15.605,7.195,2.721575830286564,1.009,1.004,[0.    0.015 0.01  ... 0.    0.015 0.005],[0.005 0.005 0.015 ... 0.    0.    0.005]
2024-04-03,40,right,1,0,-10,-80,-10,Forebrain,10.15,5.27,2.318857477293505,1.015,1.0,[0.005 0.005 0.01  ... 0.005 0.01  0.01 ],[0.005 0.005 0.005 ... 0.01  0.01  0.   ]
2024-04-03,40,right,4,0,-10,-80,-10,Forebrain,21.41,8.66,4.217155439392767,1.011,1.005,[0.005 0.005 0.01  ... 0.01  0.    0.01 ],[0.005 0.    0.01  ... 0.005 0.015 0.015]
2024-04-03,40,right,5,0,-10,-80,-10,Forebrain,15.095,7.015,3.084602891783641,1.188,1.005,[0.    0.    0.005 ... 0.01  0.    0.015],[0.005 0.01  0.015 ... 0.    0.005 0.   ]
2024-04-03,40,right,8,0,-10,-80,-10,Forebrain,16.43,10.035,3.1597112209820697,1.013,1.004,[0.015 0.005 0.015 ... 0.01  0.    0.   ],[0.01  0.015 0.005 ... 0.    0.    0.01 ]
2024-04-03,40,right,9,0,-10,-80,-10,Forebrain,41.115,14.43,4.369794045490016,1.011,1.004,[0.005 0.01  0.015 ... 0.02  0.025 0.01 ],[0.015 0.    0.025 ... 0.    0.02  0.015]
2024-04-03,40,right,10,0,-10,-80,-10,Forebrain,43.54,9.435,3.0977047954897188,1.013,1.006,[0.01  0.    0.005 ... 0.035 0.01  0.005],[0.01  0.01  0.015 ... 0.015 0.01  0.   ]
2024-04-03,40,right,12,0,-10,-80,-10,Forebrain,32.385,5.82,2.736347931093559,1.015,1.005,[0.005 0.    0.01  ... 0.005 0.01  0.   ],[0.    0.005 0.005 ... 0.015 0.015 0.005]
2024-04-03,40,right,13,0,-10,-80,-10,Forebrain,41.895,8.505,2.920612093380427,1.013,1.005,[0.015 0.015 0.015 ... 0.005 0.005 0.005],[0.01  0.02  0.    ... 0.005 0.    0.025]
2024-04-03,40,right,15,0,-10,-80,-10,Forebrain,47.905,11.33,3.5918101286120345,1.016,1.005,[0.    0.03  0.005 ... 0.025 0.015 0.015],[0.01  0.02  0.01  ... 0.01  0.005 0.015]
2024-04-03,40,right,16,0,-10,-80,-10,Forebrain,23.945,4.24,2.124241040936739,1.013,1.007,[0.    0.    0.005 ... 0.01  0.    0.   ],[0.    0.005 0.005 ... 0.005 0.015 0.01 ]
2024-04-20,54,left,4,0,0,100,0,OT,117.98,5.26,4.185976588563295,1.01,1.008,[0.005 0.02  0.015 ... 0.005 0.    0.01 ],[0.    0.015 0.005 ... 0.005 0.02  0.   ]
2024-04-20,54,left,5,0,0,100,0,OT,35.385,6.64,2.5613277806637718,1.013,1.009,[0.    0.005 0.005 ... 0.005 0.005 0.01 ],[0.015 0.02  0.02  ... 0.015 0.    0.015]
2024-04-20,54,left,9,0,0,100,0,OT,149.13,15.785,6.452036500206737,1.009,1.006,[0.03  0.005 0.025 ... 0.035 0.02  0.01 ],[0.02  0.02  0.025 ... 0.045 0.03  0.03 ]
2024-04-20,54,left,10,0,0,100,0,OT,50.57,14.88,3.965551664018513,1.02,1.009,[0.01  0.01  0.025 ... 0.005 0.02  0.025],[0.    0.025 0.045 ... 0.02  0.01  0.005]
2024-04-20,54,left,12,0,0,100,0,OT,82.155,17.305,4.746785754592259,1.019,1.009,[0.005 0.025 0.03  ... 0.025 0.01  0.025],[0.055 0.03  0.025 ... 0.005 0.025 0.055]
2024-04-20,54,left,13,0,0,100,0,OT,48.2,18.375,5.895284132253509,1.025,1.007,[0.02  0.025 0.025 ... 0.025 0.01  0.01 ],[0.015 0.01  0.02  ... 0.    0.01  0.005]
2024-04-20,54,left,15,0,0,100,0,OT,106.155,27.47,4.243712996893169,1.013,1.009,[0.02  0.025 0.015 ... 0.015 0.015 0.045],[0.04  0.02  0.015 ... 0.005 0.025 0.03 ]
2024-04-20,54,left,16,0,0,100,0,OT,54.605,11.735,3.1850863410589043,1.013,1.008,[0.02  0.01  0.005 ... 0.02  0.02  0.005],[0.005 0.035 0.025 ... 0.01  0.01  0.025]
2024-04-20,54,left,17,0,0,100,0,Forebrain,20.435,22.485,5.7445430627683525,1.016,1.015,[0.025 0.035 0.015 ... 0.03  0.02  0.04 ],[0.04  0.025 0.01  ... 0.02  0.04  0.015]
2024-04-20,54,left,23,0,0,100,0,Forebrain,37.485,20.61,6.376354758010254,1.017,1.015,[0.015 0.015 0.01  ... 0.015 0.01  0.015],[0.005 0.015 0.045 ... 0.02  0.02  0.025]
2024-04-20,54,left,30,0,0,100,0,Forebrain,22.96,16.255,5.011983140434533,1.02,1.014,[0.015 0.015 0.015 ... 0.02  0.01  0.01 ],[0.025 0.005 0.035 ... 0.015 0.025 0.015]
2024-04-23,54,left,4,10,10,80,10,OT,82.015,11.105,3.635103162222497,1.015,1.008,[0.    0.01  0.005 ... 0.02  0.045 0.005],[0.01  0.02  0.025 ... 0.02  0.01  0.01 ]
2024-04-23,54,left,5,10,10,80,10,OT,48.21,3.585,1.952632837990799,1.011,1.005,[0.    0.005 0.005 ... 0.    0.005 0.005],[0.02  0.005 0.    ... 0.005 0.01  0.01 ]
2024-04-23,54,left,9,10,10,80,10,OT,39.82,4.99,2.483928340351227,1.015,1.008,[0.01  0.01  0.    ... 0.01  0.01  0.005],[0.005 0.02  0.02  ... 0.02  0.005 0.   ]
2024-04-23,54,left,10,10,10,80,10,OT,23.88,5.2,2.6419689627245813,1.013,1.011,[0.015 0.01  0.005 ... 0.    0.005 0.01 ],[0.    0.005 0.005 ... 0.015 0.    0.015]
2024-04-23,54,left,12,10,10,80,10,OT,72.625,14.69,6.246110789923599,1.021,1.009,[0.025 0.    0.02  ... 0.005 0.015 0.005],[0.015 0.015 0.025 ... 0.015 0.005 0.015]
2024-04-23,54,left,13,10,10,80,10,OT,42.735,11.615,5.700594267267229,1.019,1.007,[0.01  0.    0.02  ... 0.01  0.    0.005],[0.015 0.01  0.01  ... 0.01  0.015 0.015]
2024-04-23,54,left,15,10,10,80,10,OT,54.62,23.885,4.206159174353724,1.019,1.011,[0.04  0.02  0.025 ... 0.02  0.03  0.035],[0.045 0.015 0.07  ... 0.015 0.005 0.02 ]
2024-04-23,54,left,16,10,10,80,10,OT,28.725,9.555,3.695534467434988,1.02,1.011,[0.025 0.02  0.015 ... 0.015 0.015 0.005],[0.025 0.005 0.    ... 0.005 0.005 0.01 ]
2024-04-23,54,left,19,10,10,80,10,Forebrain,17.895,9.645,3.334512708027966,1.017,1.012,[0.015 0.01  0.005 ... 0.02  0.01  0.01 ],[0.005 0.005 0.01  ... 0.02  0.005 0.015]
2024-04-23,54,left,23,10,10,80,10,Forebrain,21.46,9.415,3.7593583229056526,1.017,1.014,[0.025 0.01  0.015 ... 0.015 0.015 0.01 ],[0.02  0.    0.005 ... 0.01  0.01  0.005]
2024-04-23,54,left,27,10,10,80,10,Forebrain,26.055,12.9,4.127953488110059,1.017,1.014,[0.015 0.005 0.005 ... 0.005 0.01  0.   ],[0.01  0.01  0.015 ... 0.015 0.015 0.005]
2024-04-23,54,left,30,10,10,80,10,Forebrain,23.77,11.815,4.08910442517674,1.017,1.014,[0.015 0.005 0.005 ... 0.    0.01  0.005],[0.01  0.015 0.02  ... 0.025 0.01  0.01 ]
2024-04-25,54,left,4,0,10,50,10,OT,91.36,6.095,3.392045842850595,1.009,1.008,[0.005 0.01  0.    ... 0.01  0.005 0.015],[0.045 0.025 0.02  ... 0.01  0.02  0.04 ]
2024-04-25,54,left,5,0,10,50,10,OT,84.78,5.91,2.9617393538257213,1.015,1.008,[0.005 0.01  0.015 ... 0.005 0.005 0.015],[0.01  0.02  0.015 ... 0.015 0.015 0.01 ]
2024-04-25,54,left,9,0,10,50,10,OT,42.17,3.91,2.1637698583721883,1.017,1.009,[0.005 0.005 0.    ... 0.01  0.005 0.005],[0.015 0.    0.01  ... 0.    0.    0.01 ]
2024-04-25,54,left,10,0,10,50,10,OT,15.485,6.05,2.8350485004669674,1.013,1.0,[0.015 0.01  0.01  ... 0.005 0.    0.01 ],[0.02  0.015 0.005 ... 0.01  0.005 0.005]
2024-04-25,54,left,16,0,10,50,10,OT,11.715,4.005,2.3653699499232674,1.015,1.013,[0.015 0.015 0.005 ... 0.005 0.01  0.   ],[0.01  0.01  0.005 ... 0.015 0.    0.01 ]
2024-04-26,54,left,1,0,10,50,10,OT,14.165,4.425,2.045574491432664,1.015,1.011,[0.005 0.    0.    ... 0.005 0.    0.005],[0.    0.    0.    ... 0.01  0.005 0.005]
2024-04-26,54,left,2,0,10,50,10,OT,20.705,3.175,1.7100804074662688,1.015,1.01,[0.    0.005 0.    ... 0.    0.005 0.005],[0.005 0.01  0.015 ... 0.005 0.005 0.005]
2024-04-26,54,left,3,0,10,50,10,OT,31.215,3.655,2.070259645551736,1.015,1.009,[0.    0.005 0.    ... 0.01  0.    0.   ],[0.    0.    0.    ... 0.005 0.    0.005]
2024-04-26,54,left,4,0,10,50,10,OT,12.92,3.855,2.276834425249232,1.015,1.009,[0.005 0.005 0.    ... 0.005 0.01  0.005],[0.01  0.005 0.    ... 0.005 0.005 0.   ]
2024-04-26,54,left,5,0,10,50,10,OT,9.55,4.42,2.064848662735359,1.023,1.009,[0.005 0.005 0.    ... 0.005 0.01  0.   ],[0.    0.    0.    ... 0.015 0.    0.   ]
2024-04-26,54,left,7,0,10,50,10,OT,32.47,7.25,3.800986713999406,1.01,1.007,[0.01 0.   0.01 ... 0.01 0.   0.  ],[0. 0. 0. ... 0. 0. 0.]
2024-04-26,54,left,8,0,10,50,10,OT,43.465,3.885,2.5732809796056086,1.009,1.007,[0.005 0.    0.005 ... 0.01  0.01  0.01 ],[0.    0.01  0.    ... 0.005 0.005 0.   ]
2024-04-26,54,left,9,0,10,50,10,OT,11.31,4.77,2.2421195329419885,1.015,1.013,[0.01  0.    0.    ... 0.02  0.015 0.005],[0.01  0.    0.005 ... 0.    0.01  0.   ]
2024-04-29,54,left,1,0,10,50,10,OT,48.035,7.295,3.440635842398902,1.016,1.01,[0.005 0.005 0.01  ... 0.005 0.02  0.005],[0.01  0.005 0.005 ... 0.005 0.01  0.005]
2024-04-29,54,left,2,0,10,50,10,OT,81.845,3.44,2.352955588191158,1.014,1.009,[0. 0. 0. ... 0. 0. 0.],[0.01  0.    0.02  ... 0.015 0.005 0.   ]
2024-04-29,54,left,3,0,10,50,10,OT,41.01,2.235,1.7319858544456994,1.013,1.009,[0.    0.    0.    ... 0.005 0.005 0.005],[0.    0.    0.    ... 0.    0.    0.005]
2024-04-29,54,left,4,0,10,50,10,OT,8.31,2.8,2.2181073012818837,1.02,1.011,[0.005 0.    0.005 ... 0.01  0.    0.   ],[0.    0.005 0.01  ... 0.    0.005 0.   ]
2024-04-29,54,left,5,0,10,50,10,OT,119.58,55.135,8.185766610403695,1.02,1.008,[0.065 0.055 0.04  ... 0.055 0.045 0.045],[0.055 0.045 0.06  ... 0.055 0.045 0.08 ]
2024-04-29,54,left,7,0,10,50,10,OT,53.41,3.635,2.455967222908319,1.01,1.009,[0.005 0.01  0.005 ... 0.    0.    0.   ],[0.01  0.005 0.02  ... 0.    0.005 0.005]
2024-04-29,54,left,8,0,10,50,10,OT,30.32,2.185,1.7293857290957386,1.02,1.01,[0.01 0.   0.   ... 0.   0.01 0.  ],[0.    0.    0.005 ... 0.    0.005 0.   ]
2024-04-29,54,left,9,0,10,50,10,OT,17.42,5.41,2.429382637626276,1.011,1.006,[0.005 0.01  0.    ... 0.    0.005 0.005],[0.025 0.005 0.01  ... 0.    0.005 0.   ]
2024-04-29,54,left,10,0,10,50,10,OT,11.555,3.84,1.9658077220318368,1.011,1.007,[0.01  0.005 0.015 ... 0.005 0.005 0.   ],[0.    0.    0.01  ... 0.    0.005 0.005]
2024-04-29,54,left,12,0,10,50,10,OT,5.835,2.225,1.7675901674313534,1.009,1.006,[0.    0.    0.    ... 0.    0.005 0.   ],[0.    0.    0.    ... 0.005 0.    0.   ]
2024-04-29,54,left,32,0,10,50,10,Forebrain,8.8,5.485,2.20902127649328,1.016,1.011,[0.005 0.005 0.01  ... 0.005 0.    0.   ],[0.    0.005 0.005 ... 0.005 0.005 0.   ]
2024-04-30,54,left,2,10,0,90,0,OT,8.985,2.92,2.909226701376158,1.009,1.0,[0.    0.    0.005 ... 0.015 0.    0.   ],[0.005 0.005 0.    ... 0.    0.005 0.   ]
2024-04-30,54,left,3,10,0,90,0,OT,69.545,24.33,6.300880890796143,1.019,1.008,[0.015 0.02  0.04  ... 0.045 0.015 0.045],[0.02  0.035 0.015 ... 0.02  0.03  0.05 ]
2024-04-30,54,left,5,10,0,90,0,OT,13.24,3.59,1.9395618061820048,1.011,1.007,[0.    0.    0.015 ... 0.    0.    0.005],[0.005 0.    0.01  ... 0.01  0.005 0.005]
2024-04-30,54,left,6,10,0,90,0,OT,11.46,3.62,2.2925095419648747,1.013,1.009,[0.005 0.005 0.005 ... 0.005 0.005 0.01 ],[0.005 0.    0.    ... 0.015 0.005 0.   ]
2024-04-30,54,left,7,10,0,90,0,OT,39.175,10.55,4.572471979137761,1.013,1.011,[0.01  0.    0.01  ... 0.025 0.005 0.02 ],[0.015 0.015 0.015 ... 0.01  0.01  0.015]
2024-04-30,54,left,8,10,0,90,0,OT,23.97,5.425,2.5306866657095264,1.013,1.007,[0.01  0.02  0.    ... 0.02  0.005 0.015],[0.005 0.005 0.01  ... 0.005 0.015 0.   ]
2024-04-30,54,left,9,10,0,90,0,OT,16.045,4.23,1.9123545696339888,1.011,1.006,[0.    0.005 0.    ... 0.    0.015 0.   ],[0.01  0.    0.    ... 0.    0.005 0.015]
2024-04-30,54,left,11,10,0,90,0,OT,23.045,5.49,2.8512979500571314,1.013,1.005,[0.005 0.015 0.005 ... 0.    0.    0.005],[0.005 0.01  0.015 ... 0.015 0.03  0.   ]
2024-04-30,54,left,14,10,0,90,0,OT,21.675,4.55,2.351063589101749,1.013,1.008,[0.005 0.    0.005 ... 0.005 0.    0.01 ],[0.01  0.01  0.    ... 0.    0.005 0.005]
2024-04-30,54,left,16,10,0,90,0,OT,23.255,6.56,2.887282459337846,1.013,1.006,[0.005 0.005 0.005 ... 0.015 0.03  0.005],[0.015 0.    0.015 ... 0.015 0.    0.   ]
2024-05-05,53,left,2,80,0,20,0,OT,35.49,13.83,13.4506914320417,1.031,1.018,[0.02  0.005 0.01  ... 0.015 0.015 0.02 ],[0.04  0.02  0.04  ... 0.02  0.015 0.02 ]
2024-05-05,53,left,3,80,0,20,0,OT,17.3,7.905,7.326388946814112,1.031,1.024,[0.005 0.01  0.01  ... 0.005 0.01  0.015],[0.01  0.005 0.005 ... 0.015 0.    0.01 ]
2024-05-05,53,left,5,80,0,20,0,OT,30.315,11.47,9.516779917598178,1.032,1.022,[0.01  0.01  0.01  ... 0.02  0.01  0.015],[0.005 0.03  0.025 ... 0.015 0.005 0.01 ]
2024-05-05,53,left,7,80,0,20,0,OT,24.445,10.09,10.06289719712966,1.031,1.022,[0.005 0.01  0.005 ... 0.    0.01  0.015],[0.025 0.02  0.025 ... 0.01  0.01  0.025]
2024-05-05,53,left,8,80,0,20,0,OT,34.77,13.55,13.616075058547526,1.031,1.022,[0.01  0.01  0.01  ... 0.02  0.02  0.015],[0.03  0.05  0.035 ... 0.03  0.025 0.01 ]
2024-05-05,53,left,9,80,0,20,0,OT,33.07,10.82,10.118675802692762,1.031,1.022,[0.02  0.015 0.025 ... 0.005 0.01  0.015],[0.01  0.015 0.015 ... 0.01  0.01  0.015]
2024-05-05,53,left,12,80,0,20,0,OT,33.855,10.6,10.377379245262263,1.036,1.03,[0.015 0.01  0.02  ... 0.01  0.005 0.005],[0.01  0.035 0.035 ... 0.015 0.025 0.015]
2024-05-05,53,left,13,80,0,20,0,OT,64.385,19.545,20.923622415824656,1.04,1.029,[0.01  0.02  0.015 ... 0.035 0.025 0.02 ],[0.02  0.05  0.035 ... 0.025 0.025 0.015]
2024-05-05,53,left,15,80,0,20,0,OT,37.815,11.4,10.36532681587995,1.033,1.023,[0.015 0.005 0.025 ... 0.015 0.01  0.02 ],[0.005 0.025 0.015 ... 0.005 0.025 0.01 ]
2024-05-05,53,left,16,80,0,20,0,OT,71.355,22.57,23.231123519967777,1.036,1.022,[0.035 0.035 0.025 ... 0.035 0.015 0.035],[0.035 0.025 0.04  ... 0.025 0.015 0.025]
2024-05-05,53,left,17,80,0,20,0,Forebrain,12.565,5.2,2.7477263328068173,1.028,1.011,[0.01 0.01 0.   ... 0.01 0.   0.  ],[0.    0.005 0.    ... 0.005 0.005 0.   ]
2024-05-05,53,left,18,80,0,20,0,Forebrain,15.395,7.67,3.452694599874133,1.023,1.016,[0.02  0.005 0.005 ... 0.02  0.    0.005],[0.    0.    0.    ... 0.005 0.005 0.005]
2024-05-05,53,left,20,80,0,20,0,Forebrain,9.705,6.18,2.962701469942593,1.026,1.022,[0.015 0.005 0.01  ... 0.005 0.01  0.   ],[0.    0.005 0.01  ... 0.    0.01  0.01 ]
2024-05-05,53,left,21,80,0,20,0,Forebrain,10.515,5.41,2.611876719908503,1.026,1.011,[0.005 0.    0.005 ... 0.    0.01  0.005],[0.    0.    0.005 ... 0.    0.    0.   ]
2024-05-05,53,left,24,80,0,20,0,Forebrain,16.48,8.22,3.3198795158860808,1.027,1.014,[0.005 0.005 0.    ... 0.015 0.005 0.005],[0.015 0.01  0.005 ... 0.01  0.015 0.01 ]
2024-05-05,53,left,25,80,0,20,0,Forebrain,11.825,5.775,2.7810744326608736,1.046,1.03,[0.01  0.005 0.    ... 0.005 0.005 0.   ],[0.01  0.01  0.    ... 0.    0.005 0.   ]
2024-05-05,53,left,28,80,0,20,0,Forebrain,6.745,6.385,3.134768731501576,1.022,1.0,[0.    0.005 0.01  ... 0.    0.01  0.005],[0.02  0.02  0.005 ... 0.01  0.01  0.   ]
2024-05-05,53,left,29,80,0,20,0,Forebrain,6.895,6.75,3.828511460084715,1.024,1.021,[0.    0.015 0.01  ... 0.    0.005 0.01 ],[0.    0.005 0.01  ... 0.02  0.01  0.005]
2024-05-08,53,left,1,80,0,20,0,OT,31.9,12.585,11.717626679494444,1.033,1.024,[0.015 0.015 0.01  ... 0.005 0.005 0.   ],[0.035 0.    0.015 ... 0.035 0.025 0.015]
2024-05-08,53,left,2,80,0,20,0,OT,32.57,14.465,13.997813222071509,1.033,1.016,[0.005 0.015 0.025 ... 0.005 0.    0.005],[0.01  0.01  0.005 ... 0.025 0.015 0.03 ]
2024-05-08,53,left,3,80,0,20,0,OT,27.04,12.98,11.080595651859154,1.029,1.022,[0.005 0.01  0.02  ... 0.    0.01  0.005],[0.005 0.01  0.005 ... 0.025 0.025 0.005]
2024-05-08,53,left,4,80,0,20,0,OT,33.09,11.63,10.926257364715514,1.033,1.029,[0.025 0.01  0.025 ... 0.01  0.015 0.005],[0.03  0.015 0.02  ... 0.02  0.025 0.025]
2024-05-08,53,left,5,80,0,20,0,OT,22.925,8.54,7.1804178151414,1.033,1.027,[0.015 0.01  0.03  ... 0.01  0.    0.01 ],[0.005 0.005 0.01  ... 0.02  0.005 0.015]
2024-05-08,53,left,6,80,0,20,0,OT,17.08,8.155,7.441167583114897,1.032,1.024,[0.    0.005 0.005 ... 0.005 0.    0.015],[0.    0.005 0.005 ... 0.035 0.02  0.   ]
2024-05-08,53,left,7,80,0,20,0,OT,32.475,14.88,13.73628770811095,1.033,1.023,[0.    0.02  0.025 ... 0.005 0.01  0.015],[0.005 0.015 0.005 ... 0.025 0.02  0.015]
2024-05-08,53,left,8,80,0,20,0,OT,34.925,15.29,14.79580683842554,1.032,1.024,[0.02  0.02  0.01  ... 0.005 0.01  0.01 ],[0.03  0.01  0.02  ... 0.03  0.025 0.025]
2024-05-08,53,left,9,80,0,20,0,OT,25.015,8.05,7.227551452601358,1.038,1.027,[0.02  0.    0.01  ... 0.015 0.005 0.02 ],[0.015 0.02  0.005 ... 0.005 0.02  0.01 ]
2024-05-08,53,left,10,80,0,20,0,OT,47.725,14.44,14.414797952104635,1.033,1.026,[0.015 0.005 0.    ... 0.025 0.01  0.01 ],[0.04  0.015 0.035 ... 0.02  0.01  0.01 ]
2024-05-08,53,left,12,80,0,20,0,OT,76.775,23.455,23.267530487784903,1.033,1.026,[0.035 0.03  0.03  ... 0.02  0.035 0.025],[0.055 0.03  0.05  ... 0.025 0.045 0.045]
2024-05-08,53,left,13,80,0,20,0,OT,91.775,28.38,29.071731974548747,1.036,1.024,[0.03  0.04  0.035 ... 0.03  0.03  0.02 ],[0.035 0.045 0.055 ... 0.045 0.055 0.05 ]
2024-05-08,53,left,15,80,0,20,0,OT,18.335,5.64,5.078424952679718,1.031,1.029,[0.    0.    0.    ... 0.01  0.    0.035],[0.02  0.02  0.005 ... 0.    0.005 0.01 ]
2024-05-08,53,left,16,80,0,20,0,OT,62.795,19.745,20.469000341980557,1.034,1.028,[0.02  0.02  0.005 ... 0.06  0.03  0.025],[0.035 0.03  0.03  ... 0.015 0.035 0.03 ]
2024-05-09,53,left,1,80,10,10,10,OT,30.28,11.795,10.196713931458508,1.03,1.021,[0.01  0.005 0.015 ... 0.015 0.015 0.005],[0.015 0.005 0.02  ... 0.005 0.005 0.02 ]
2024-05-09,53,left,2,80,10,10,10,OT,46.76,18.775,15.145110597153128,1.029,1.015,[0.015 0.015 0.01  ... 0.025 0.02  0.01 ],[0.03  0.035 0.02  ... 0.015 0.01  0.015]
2024-05-09,53,left,4,80,10,10,10,OT,37.735,13.93,13.040517627763094,1.032,1.028,[0.015 0.02  0.015 ... 0.02  0.015 0.005],[0.035 0.035 0.05  ... 0.01  0.015 0.02 ]
2024-05-09,53,left,5,80,10,10,10,OT,23.915,9.995,8.161799740253372,1.031,1.021,[0.005 0.015 0.    ... 0.005 0.02  0.02 ],[0.005 0.02  0.015 ... 0.005 0.01  0.015]
2024-05-09,53,left,6,80,10,10,10,OT,18.265,8.815,5.877140035765696,1.029,1.026,[0.01  0.005 0.    ... 0.005 0.01  0.01 ],[0.01  0.01  0.02  ... 0.    0.01  0.005]
2024-05-09,53,left,7,80,10,10,10,OT,20.26,9.005,7.687976001523418,1.029,1.021,[0.005 0.    0.005 ... 0.005 0.005 0.005],[0.    0.015 0.02  ... 0.005 0.005 0.01 ]
2024-05-09,53,left,8,80,10,10,10,OT,33.525,13.4,11.734138229968147,1.03,1.024,[0.01  0.01  0.    ... 0.015 0.01  0.005],[0.015 0.01  0.02  ... 0.01  0.01  0.015]
2024-05-09,53,left,10,80,10,10,10,OT,59.215,23.205,23.460668681859858,1.034,1.024,[0.035 0.02  0.03  ... 0.05  0.015 0.015],[0.03  0.04  0.02  ... 0.045 0.025 0.04 ]
2024-05-09,53,left,12,80,10,10,10,OT,44.145,17.77,17.01755270301814,1.036,1.027,[0.03  0.02  0.025 ... 0.05  0.035 0.015],[0.035 0.035 0.025 ... 0.045 0.035 0.06 ]
2024-05-09,53,left,13,80,10,10,10,OT,32.57,12.76,12.3110681908598,1.04,1.029,[0.01  0.02  0.015 ... 0.025 0.025 0.02 ],[0.035 0.035 0.01  ... 0.025 0.035 0.02 ]
2024-05-09,53,left,16,80,10,10,10,OT,27.78,10.48,10.336324298318043,1.031,1.027,[0.005 0.025 0.01  ... 0.005 0.015 0.01 ],[0.02  0.03  0.025 ... 0.035 0.01  0.025]
2024-05-13,53,left,1,70,0,10,0,OT,27.535,11.67,12.133882313587849,1.037,1.017,[0.015 0.005 0.02  ... 0.01  0.01  0.01 ],[0.03  0.015 0.015 ... 0.01  0.01  0.015]
2024-05-13,53,left,2,70,0,10,0,OT,36.74,18.49,14.0840299630468,1.036,1.011,[0.025 0.005 0.035 ... 0.03  0.02  0.02 ],[0.025 0.03  0.02  ... 0.03  0.04  0.03 ]
2024-05-13,53,left,3,70,0,10,0,OT,26.775,13.77,11.43140848714628,1.037,1.023,[0.02  0.03  0.02  ... 0.02  0.02  0.015],[0.025 0.015 0.02  ... 0.015 0.02  0.02 ]
2024-05-13,53,left,4,70,0,10,0,OT,32.0,13.715,15.018780742790009,1.038,1.026,[0.02  0.    0.015 ... 0.015 0.005 0.02 ],[0.025 0.025 0.015 ... 0.02  0.01  0.025]
2024-05-13,53,left,5,70,0,10,0,OT,36.925,16.295,17.361681226194655,1.036,1.023,[0.01  0.005 0.03  ... 0.035 0.02  0.025],[0.045 0.02  0.04  ... 0.025 0.015 0.025]
2024-05-13,53,left,7,70,0,10,0,OT,28.035,16.105,10.387683813054766,1.036,1.022,[0.025 0.02  0.02  ... 0.045 0.02  0.02 ],[0.01  0.03  0.015 ... 0.005 0.025 0.025]
2024-05-13,53,left,8,70,0,10,0,OT,33.91,16.795,15.544226420121396,1.036,1.025,[0.02  0.    0.02  ... 0.035 0.02  0.015],[0.015 0.02  0.025 ... 0.025 0.015 0.025]
2024-05-13,53,left,9,70,0,10,0,OT,32.08,14.14,15.732463252777675,1.036,1.026,[0.025 0.015 0.02  ... 0.02  0.015 0.03 ],[0.03  0.015 0.015 ... 0.015 0.01  0.015]
2024-05-13,53,left,10,70,0,10,0,OT,47.285,21.45,23.545010087065155,1.035,1.027,[0.03  0.045 0.025 ... 0.04  0.045 0.045],[0.05  0.025 0.04  ... 0.035 0.035 0.045]
2024-05-13,53,left,12,70,0,10,0,OT,21.005,8.445,9.710148042125825,1.034,1.025,[0.02  0.025 0.02  ... 0.01  0.01  0.005],[0.025 0.04  0.01  ... 0.005 0.005 0.015]
2024-05-13,53,left,13,70,0,10,0,OT,38.505,17.33,19.09845805294239,1.04,1.028,[0.035 0.025 0.035 ... 0.025 0.03  0.045],[0.04  0.045 0.03  ... 0.015 0.025 0.02 ]
2024-05-13,53,left,16,70,0,10,0,OT,28.43,12.375,13.784207449106386,1.037,1.03,[0.025 0.02  0.01  ... 0.005 0.02  0.015],[0.015 0.02  0.01  ... 0.015 0.02  0.01 ]
